001	DSC07978.jpg
002	DSC07980.jpg
003	DSC07985.jpg
004	DSC07987.jpg
005	L1010350.jpg
006	L1010352.jpg
007	L1010355.jpg
008	L1010358.jpg
009	L1010361.jpg
010	L1010365.jpg
011	L1010366.jpg
012	L1010367.jpg
013	L1010369.jpg
014	L1010371.jpg
015	L1010374.jpg
016	L1010376.jpg
017	L1010377.jpg
018	L1010378.jpg
019	L1010383 (1).jpg
020	L1010384 (1).jpg
021	L1010387 (1).jpg
022	L1010396.jpg
023	L1010402 (1).jpg
024	L1010404 (1).jpg
025	L1010410 (1).jpg
026	L1010411.jpg
027	L1010413.jpg
028	L1010416 (1).jpg
029	L1010419 (1).jpg
030	L1010421.jpg
031	L1010427 (1).jpg
032	L1010428.jpg
033	L1010435 (1).jpg
034	L1010437 (1).jpg
035	L1010442.jpg
036	L1010446.jpg
037	L1010447.jpg
038	L1010452.jpg
039	L1010455.jpg
040	L1010464 (1).jpg
041	L1010471 (1).jpg
042	L1010473 (1).jpg
043	L1010478 (1).jpg
044	L1010479 (1).jpg
045	L1010482 (1).jpg
046	L1010488.jpg
047	L1010489.jpg
048	L1010491.jpg
049	L1010499 (1).jpg
050	L1010501.jpg
051	L1010508.jpg
052	L1010511.jpg
053	L1010513.jpg
054	L1010515.jpg
055	L1010518 (1).jpg
056	L1010521.jpg
057	L1010522.jpg
058	L1010524 (1).jpg
059	L1010525.jpg
060	L1010527.jpg
061	L1010528 (1).jpg
062	L1010528 (2).jpg
063	L1010529.jpg
064	L1010530.jpg
065	L1010531 (1).jpg
066	L1010535.jpg
067	L1010537.jpg
068	L1010543.jpg
069	L1010549.jpg
070	L1010555.jpg
071	L1010557.jpg
072	L1010559.jpg
073	L1010562.jpg
074	L1010565.jpg
075	L1010566.jpg
076	L1010570.jpg
077	L1010571 (1).jpg
078	L1010575 (1).jpg
079	L1010582 (1).jpg
080	L1010583.jpg
081	L1010585 (1).jpg
082	L1010586 (1).jpg
083	L1010587 (1).jpg
084	L1010592.jpg
085	L1010593 (1).jpg
086	L1010597 (1).jpg
087	L1010602.jpg
088	L1010603.jpg
089	L1010604.jpg
090	L1010608.jpg
091	L1010613.jpg
092	L1010616.jpg
093	L1010619 (1).jpg
094	L1010623.jpg
095	L1010628.jpg
096	L1010631.jpg
097	L1010634.jpg
098	L1010635.jpg
099	L1010637.jpg
100	L1010639.jpg
101	L1010640.jpg
102	L1010641.jpg
103	L1010650.jpg
104	L1010652 (1).jpg
105	L1010653.jpg
106	L1010655 (1).jpg
107	L1010655 (2).jpg
108	L1010659.jpg
109	L1010661.jpg
110	L1010662.jpg
111	L1010663.jpg
112	L1010665.jpg
113	L1010688 (1).jpg
114	L1010699.jpg
115	L1010707.jpg
